firstName,middleName,lastName
Jennifer,Quang,Wilson
Karen,Thanh,Smith
Lan,Kim,Huynh
John,Thi,Davis
Sarah,Ngoc,Huynh
Mary,Huu,Huynh
Ngoc,Ngoc,Smith
Richard,Minh,Davis
Huynh,Xuan,Dang
James,Man,Davis
James,Huu,Johnson
Barbara,Duc,Nguyen
Thang,Minh,Le
Huynh,Huu,Wilson
Huynh,Man,Vo
Lan,Quang,Huynh
Hoa,Thanh,Pham
Hoa,Kim,Brown
William,Minh,Phan
Ngoc,Thi,Phan
Jessica,Xuan,Smith
Ngoc,Minh,Nguyen
Ngoc,Quang,Pham
Susan,Minh,Nguyen
Thang,Man,Brown
Ngoc,Duc,Miller
Karen,Ngoc,Johnson
Ngoc,Kim,Brown
Elizabeth,Kim,Pham
Linda,Minh,Taylor
David,Xuan,Jones
David,Thanh,Tran
Charles,Thanh,Brown
David,Minh,Tran
Linda,Kim,Vu
Michael,Huu,Davis
Barbara,Quang,Davis
Jennifer,Van,Tran
Tuan,Huu,Nguyen
Robert,Quang,Nguyen
William,Minh,Huynh
Huynh,Thi,Tran
Minh,Quang,Jones
Joseph,Xuan,Nguyen
David,Minh,Davis
Karen,Kim,Le
Thomas,Xuan,Vo
Patricia,Quang,Jones
Thomas,Huu,Jones
Tuan,Man,Davis
Susan,Xuan,Nguyen
Minh,Ngoc,Davis
Richard,Man,Pham
Elizabeth,Minh,Le
Linda,Van,Huynh
Mary,Xuan,Dang
Jessica,Xuan,Pham
Lan,Ngoc,Tran
Minh,Huu,Taylor
David,Thi,Taylor
Joseph,Kim,Huynh
Karen,Minh,Nguyen
Sarah,Xuan,Dang
Patricia,Kim,Le
Karen,Minh,Smith
Jennifer,Thanh,Jones
Mary,Man,Jones
Robert,Duc,Johnson
James,Ngoc,Le
Sarah,Quang,Wilson
Robert,Kim,Nguyen
Charles,Huu,Dang
Jessica,Thi,Hoang
Richard,Thanh,Phan
James,Ngoc,Wilson
Karen,Thi,Davis
Hoa,Kim,Pham
Robert,Van,Nguyen
John,Van,Dang
Linda,Van,Wilson
Mary,Minh,Brown
Susan,Quang,Vu
Tuan,Thanh,Miller
Jessica,Ngoc,Tran
Minh,Duc,Vo
Duc,Huu,Phan
Thomas,Quang,Huynh
Richard,Xuan,Moore
Thang,Man,Dang
Duc,Huu,Huynh
Patricia,Man,Wilson
Tuan,Huu,Moore
Tuan,Man,Taylor
Mai,Duc,Le
Linda,Van,Vu
Lan,Duc,Jones
Patricia,Ngoc,Jones
Joseph,Van,Williams
Barbara,Ngoc,Huynh
Hoa,Van,Davis
Joseph,Ngoc,Miller
Mai,Minh,Le
Patricia,Huu,Wilson
Robert,Man,Huynh
Quynh,Ngoc,Williams
Susan,Minh,Johnson
Hoa,Van,Wilson
Patricia,Duc,Phan
Robert,Duc,Phan
Hoa,Thi,Taylor
David,Huu,Phan
Tuan,Van,Phan
Linda,Kim,Phan
Duc,Duc,Hoang
Richard,Thanh,Dang
Tuan,Xuan,Moore
Richard,Thi,Taylor
Michael,Van,Le
William,Kim,Huynh
Lan,Van,Taylor
Jennifer,Kim,Johnson
Patricia,Quang,Moore
Richard,Man,Johnson
Huynh,Thanh,Brown
Mary,Thi,Jones
Susan,Quang,Jones
Linda,Thanh,Vu
Mary,Duc,Taylor
James,Ngoc,Miller
Richard,Van,Pham
Lan,Xuan,Taylor
Thang,Xuan,Taylor
Jessica,Ngoc,Jones
Karen,Man,Jones
John,Thanh,Tran
Charles,Thanh,Dang
Duc,Thi,Pham
Huynh,Ngoc,Hoang
Robert,Kim,Johnson
William,Xuan,Dang
Patricia,Man,Williams
Jessica,Kim,Le
Jennifer,Duc,Wilson
Jessica,Xuan,Dang
Charles,Thanh,Hoang
Elizabeth,Quang,Taylor
Sarah,Man,Jones
Michael,Quang,Phan
Richard,Van,Tran
Michael,Huu,Moore
Huynh,Van,Hoang
Elizabeth,Huu,Williams
Jessica,Man,Huynh
Tuan,Thanh,Tran
William,Duc,Huynh
Mai,Huu,Wilson
Patricia,Minh,Hoang
Thomas,Duc,Phan
Thang,Man,Taylor
Thomas,Ngoc,Huynh
Lan,Xuan,Jones
Quynh,Van,Pham
Robert,Duc,Phan
Linda,Duc,Dang
Thang,Ngoc,Brown
David,Duc,Jones
Elizabeth,Man,Huynh
William,Quang,Pham
Duc,Man,Tran
Karen,Huu,Taylor
Susan,Duc,Wilson
Duc,Quang,Miller
Joseph,Duc,Brown
William,Minh,Moore
Huynh,Man,Le
Sarah,Man,Vu
Minh,Kim,Pham
Barbara,Duc,Johnson
Thomas,Minh,Johnson
Charles,Thi,Williams
Robert,Huu,Moore
Susan,Quang,Vo
Linda,Ngoc,Davis
Thang,Thi,Jones
Mary,Thi,Vo
Jennifer,Minh,Davis
Duc,Man,Davis
John,Minh,Williams
Elizabeth,Huu,Moore
Patricia,Ngoc,Moore
Thomas,Thi,Dang
Huynh,Kim,Davis
Mary,Quang,Moore
Quynh,Ngoc,Wilson
Karen,Minh,Wilson
Quynh,Van,Williams
Patricia,Man,Tran
Thang,Minh,Le
Charles,Xuan,Dang
Sarah,Thi,Williams
